{"url":"http:\/\/webservices.vebra.com\/export\/HUELINHOMESAPI\/v10\/branch","content_type":"text\/xml; charset=utf-8","http_code":200,"header_size":339,"request_size":183,"filetime":-1,"ssl_verify_result":0,"redirect_count":0,"total_time":0.0417099999999999970778929991865879856050014495849609375,"namelookup_time":9.2999999999999997273882057502447651131660677492618560791015625e-5,"connect_time":0.0185349999999999993927080055300393723882734775543212890625,"pretransfer_time":0.0186200000000000011335377081422848277725279331207275390625,"size_upload":0,"size_download":426,"speed_download":10213,"speed_upload":0,"download_content_length":426,"upload_content_length":-1,"starttransfer_time":0.04167200000000000070787820050099981017410755157470703125,"redirect_time":0,"redirect_url":"","primary_ip":"5.153.85.80","certinfo":[],"primary_port":80,"local_ip":"10.0.0.6","local_port":62497}