{"url":"http:\/\/webservices.vebra.com\/export\/HUELINHOMESAPI\/v10\/branch\/32026\/property\/26517011","content_type":"text\/xml; charset=utf-8","http_code":200,"header_size":340,"request_size":207,"filetime":-1,"ssl_verify_result":0,"redirect_count":0,"total_time":0.070099999999999995647925743469386361539363861083984375,"namelookup_time":7.4999999999999993429734834737843129914836026728153228759765625e-5,"connect_time":0.0146710000000000000131006316905768471769988536834716796875,"pretransfer_time":0.01477000000000000014266365866433261544443666934967041015625,"size_upload":0,"size_download":3834,"speed_download":54693,"speed_upload":0,"download_content_length":3834,"upload_content_length":-1,"starttransfer_time":0.055831999999999999684252571796605479903519153594970703125,"redirect_time":0,"redirect_url":"","primary_ip":"5.153.85.80","certinfo":[],"primary_port":80,"local_ip":"192.168.1.194","local_port":49447}