{"url":"http:\/\/webservices.vebra.com\/export\/HUELINHOMESAPI\/v10\/branch","content_type":"text\/xml; charset=utf-8","http_code":200,"header_size":339,"request_size":183,"filetime":-1,"ssl_verify_result":0,"redirect_count":0,"total_time":0.037415999999999997871480417188649880699813365936279296875,"namelookup_time":7.2000000000000001824061734989612659774138592183589935302734375e-5,"connect_time":0.01457199999999999988353760471682107890956103801727294921875,"pretransfer_time":0.01462100000000000031563640590093200444243848323822021484375,"size_upload":0,"size_download":426,"speed_download":11385,"speed_upload":0,"download_content_length":426,"upload_content_length":-1,"starttransfer_time":0.037382999999999999563016217507538385689258575439453125,"redirect_time":0,"redirect_url":"","primary_ip":"5.153.85.80","certinfo":[],"primary_port":80,"local_ip":"192.168.1.194","local_port":50013}